room_type,mean,count
Entire home/apt,280.8804148871263,4917
Hotel room,184.37777777777777,45
Private room,138.19460227272728,704
Shared room,56.416666666666664,12
