room_type,mean,count
Entire home/apt,303.9461713419257,2638
Hotel room,172.12,25
Private room,156.82720588235293,272
Shared room,68.6,5
