room_type,mean,count
Entire home/apt,267.48067226890754,1190
Hotel room,226.0,5
Private room,105.37579617834395,157
Shared room,46.333333333333336,3
